breed;day;body_weight_g;feed_intake_g_per_bird;water_intake_ml_per_bird;fcr_cumulative;mortality_max_pct_per_day
ROSS_308;0;42;0;0;;0.15
ROSS_308;1;65;13.0;23;;0.15
ROSS_308;2;87;16.8;30;;0.15
ROSS_308;3;110;20.7;37;;0.15
ROSS_308;4;132;24.5;44;;0.15
ROSS_308;5;155;28.3;51;;0.15
ROSS_308;6;177;32.2;58;;0.15
ROSS_308;7;200;36.0;65;0.88;0.15
ROSS_308;8;246;41.1;74;0.904;0.07
ROSS_308;9;291;46.3;83;0.929;0.07
ROSS_308;10;337;51.4;93;0.953;0.07
ROSS_308;11;383;56.6;102;0.977;0.07
ROSS_308;12;429;61.7;111;1.001;0.07
ROSS_308;13;474;66.9;120;1.026;0.07
ROSS_308;14;520;72.0;130;1.05;0.07
ROSS_308;15;589;78.6;141;1.074;0.07
ROSS_308;16;657;85.1;153;1.099;0.07
ROSS_308;17;726;91.7;165;1.123;0.07
ROSS_308;18;794;98.3;177;1.147;0.07
ROSS_308;19;863;104.9;189;1.171;0.07
ROSS_308;20;931;111.4;201;1.196;0.07
ROSS_308;21;1000;118.0;212;1.22;0.07
ROSS_308;22;1086;123.7;223;1.243;0.07
ROSS_308;23;1171;129.4;233;1.266;0.07
ROSS_308;24;1257;135.1;243;1.289;0.07
ROSS_308;25;1343;140.9;254;1.311;0.07
ROSS_308;26;1429;146.6;264;1.334;0.07
ROSS_308;27;1514;152.3;274;1.357;0.07
ROSS_308;28;1600;158.0;284;1.38;0.07
ROSS_308;29;1693;162.9;293;1.401;0.1
ROSS_308;30;1786;167.7;302;1.423;0.1
ROSS_308;31;1879;172.6;311;1.444;0.1
ROSS_308;32;1971;177.4;319;1.466;0.1
ROSS_308;33;2064;182.3;328;1.487;0.1
ROSS_308;34;2157;187.1;337;1.509;0.1
ROSS_308;35;2250;192.0;346;1.53;0.1
ROSS_308;36;2343;195.3;352;1.55;0.1
ROSS_308;37;2436;198.6;357;1.57;0.1
ROSS_308;38;2529;201.9;363;1.59;0.1
ROSS_308;39;2621;205.1;369;1.61;0.1
ROSS_308;40;2714;208.4;375;1.63;0.1
ROSS_308;41;2807;211.7;381;1.65;0.1
ROSS_308;42;2900;215.0;387;1.67;0.1
COBB_500;0;42;0;0;;0.15
COBB_500;1;63;12.0;22;;0.15
COBB_500;2;84;15.7;28;;0.15
COBB_500;3;105;19.3;35;;0.15
COBB_500;4;127;23.0;41;;0.15
COBB_500;5;148;26.7;48;;0.15
COBB_500;6;169;30.3;55;;0.15
COBB_500;7;190;34.0;61;0.89;0.15
COBB_500;8;234;39.1;70;0.914;0.07
COBB_500;9;279;44.3;80;0.939;0.07
COBB_500;10;323;49.4;89;0.963;0.07
COBB_500;11;367;54.6;98;0.987;0.07
COBB_500;12;411;59.7;107;1.011;0.07
COBB_500;13;456;64.9;117;1.036;0.07
COBB_500;14;500;70.0;126;1.06;0.07
COBB_500;15;569;76.6;138;1.084;0.07
COBB_500;16;637;83.1;150;1.109;0.07
COBB_500;17;706;89.7;161;1.133;0.07
COBB_500;18;774;96.3;173;1.157;0.07
COBB_500;19;843;102.9;185;1.181;0.07
COBB_500;20;911;109.4;197;1.206;0.07
COBB_500;21;980;116.0;209;1.23;0.07
COBB_500;22;1066;121.7;219;1.253;0.07
COBB_500;23;1151;127.4;229;1.276;0.07
COBB_500;24;1237;133.1;240;1.299;0.07
COBB_500;25;1323;138.9;250;1.321;0.07
COBB_500;26;1409;144.6;260;1.344;0.07
COBB_500;27;1494;150.3;271;1.367;0.07
COBB_500;28;1580;156.0;281;1.39;0.07
COBB_500;29;1669;160.9;290;1.411;0.1
COBB_500;30;1757;165.7;298;1.433;0.1
COBB_500;31;1846;170.6;307;1.454;0.1
COBB_500;32;1934;175.4;316;1.476;0.1
COBB_500;33;2023;180.3;325;1.497;0.1
COBB_500;34;2111;185.1;333;1.519;0.1
COBB_500;35;2200;190.0;342;1.54;0.1
COBB_500;36;2293;193.3;348;1.56;0.1
COBB_500;37;2386;196.6;354;1.58;0.1
COBB_500;38;2479;199.9;360;1.6;0.1
COBB_500;39;2571;203.1;366;1.62;0.1
COBB_500;40;2664;206.4;372;1.64;0.1
COBB_500;41;2757;209.7;377;1.66;0.1
COBB_500;42;2850;213.0;383;1.68;0.1
